BlockType,DescriptionType,SentencePosition,Phrase
AUTO_REPAIR,inside,first,"The tools are scattered and rusted, and the air smells of old oil and decay."
AUTO_REPAIR,inside,first,"The interior is cluttered with rusted tools, disassembled car parts, and broken machines scattered haphazardly across the floor."
AUTO_REPAIR,inside,first,"The walls are covered in oil stains and grease marks, with shelves of tools and parts lining the corners."
AUTO_REPAIR,inside,first,"A single flickering light overhead casts long shadows across the abandoned service bays, with old car engines lying in pieces on the floor."
AUTO_REPAIR,inside,first,"The scent of stale gasoline and oil fills the air, mixing with the musty smell of old tires and mechanical parts."
AUTO_REPAIR,inside,first,"Empty toolboxes are scattered around the workshop, and old, rusted car parts sit in piles in every corner."
AUTO_REPAIR,inside,second,Broken car parts and discarded tires create an obstacle course on the floor.
AUTO_REPAIR,inside,second,"The workbenches are cluttered with tools and broken car components, while grease-stained rags lie abandoned on the floor."
AUTO_REPAIR,inside,second,"The overhead lights flicker intermittently, casting a dim glow over the heaps of metal, wires, and discarded tires."
AUTO_REPAIR,inside,second,"Old vehicles, stripped of valuable parts, sit motionless in the service bays, covered in dust and cobwebs."
AUTO_REPAIR,inside,second,"Oil stains the cracked concrete floor, and the hum of an old refrigerator can be heard faintly in the back."
AUTO_REPAIR,inside,second,"Rusting car parts are stacked against the walls, and the smell of mechanical oil still hangs in the air."
AUTO_REPAIR,inside,third,"A workbench sits in the corner, its surface covered in grease and ancient stains."
AUTO_REPAIR,inside,third,The building is eerily silent except for the occasional creak of the metal structure shifting with age.
AUTO_REPAIR,inside,third,"A lone car frame sits near the back, its rusted body a reminder of the shop’s former purpose."
AUTO_REPAIR,inside,third,"The remains of old repair manuals and scraps of paper litter the workbenches, forgotten after years of neglect."
AUTO_REPAIR,inside,third,"The workshop has a haunting stillness, with only the faint sound of a door creaking in the wind breaking the silence."
AUTO_REPAIR,inside,third,"A couple of broken tools lie abandoned on the counter, and an old car battery leaks in the corner of the room."
AUTO_REPAIR,outside,first,"The garage's sign is faded and barely legible, with letters missing or dangling precariously."
AUTO_REPAIR,outside,first,"The auto repair shop is a crumbling shell, with the faded remnants of a once-vibrant sign hanging loosely above the door."
AUTO_REPAIR,outside,first,"The building's exterior is rusted and beaten by the elements, the paint chipped and peeling."
AUTO_REPAIR,outside,first,"Broken car parts and abandoned tools are scattered around the entrance, a testament to the shop's former purpose."
AUTO_REPAIR,outside,first,"A large bay door stands half open, revealing shadows of what might have once been a working garage."
AUTO_REPAIR,outside,first,"The small, dilapidated structure is surrounded by piles of scrap metal, old tires, and other discarded automotive debris."
AUTO_REPAIR,outside,second,"A few rusted car frames sit abandoned outside, stripped of anything useful."
AUTO_REPAIR,outside,second,"The windows are cracked, and the faded sign above the door barely reads 'Auto Repair' through the grime."
AUTO_REPAIR,outside,second,"The garage doors are rusted and stuck, with a tangle of metal wires hanging from one corner."
AUTO_REPAIR,outside,second,"Oil stains cover the cracked concrete outside, and a pile of scrap metal blocks the walkway leading to the entrance."
AUTO_REPAIR,outside,second,"The once-bustling service station now stands silent, its bay doors ajar but its insides long emptied of life."
AUTO_REPAIR,outside,second,"The concrete outside is chipped and worn, with tire tracks leading up to the entrance, long since abandoned."
AUTO_REPAIR,outside,third,"The corrugated metal roof is bent and riddled with holes, offering little protection."
AUTO_REPAIR,outside,third,"A faint smell of gasoline and oil still lingers in the air, though the building seems otherwise abandoned."
AUTO_REPAIR,outside,third,"The cracked asphalt outside is littered with broken tools and pieces of wrecked cars, evidence of past repairs."
AUTO_REPAIR,outside,third,"Dust settles over the exterior, but an occasional gust of wind shifts the litter around the yard."
AUTO_REPAIR,outside,third,"An eerie quiet surrounds the building, with only the sound of creaking metal from within breaking the silence."
AUTO_REPAIR,outside,third,"The garage is dark, its windows covered in grime, but the outline of vehicles can still be seen inside."
CARPARK,outside,first,Rows of empty spaces are filled with broken glass and overgrown weeds.
CARPARK,outside,first,"Rows of empty, weathered parking spaces stretch out before you, each one marked with faded white lines."
CARPARK,outside,first,"The cracked asphalt is littered with debris, while weeds push through the gaps in the pavement."
CARPARK,outside,first,"A rusting metal gate is slightly ajar, the remnants of an old sign hanging loosely above."
CARPARK,outside,first,"The smell of oil and gasoline still lingers in the air, despite the long abandonment."
CARPARK,outside,first,"Abandoned vehicles sit scattered throughout the lot, some stripped of their parts, others in varying stages of decay."
CARPARK,outside,second,"A single rusted car remains, its tires deflated and its windows smashed."
CARPARK,outside,second,"Faded yellow lines divide the parking spaces, many of which are now cracked and uneven."
CARPARK,outside,second,"A single, broken streetlight flickers weakly, casting dim light over the lot as dusk settles."
CARPARK,outside,second,"The ground is littered with trash, old car tires, and empty bottles, evidence of long-forgotten visitors."
CARPARK,outside,second,"A few derelict cars remain, their windows shattered, and their paint peeling from years of exposure to the elements."
CARPARK,outside,second,"Graffiti covers the walls of the surrounding buildings, adding a touch of urban decay to the desolate lot."
CARPARK,outside,third,"The concrete structure looms above, its once-bright paint now faded and peeling."
CARPARK,outside,third,"A cold breeze sweeps through the lot, carrying with it the faint scent of rust and old rubber."
CARPARK,outside,third,"The empty spaces are eerily quiet, with only the sound of distant wind moving through the cracked pavement."
CARPARK,outside,third,"A lone, rusted vending machine stands in a corner, its glass shattered and its contents long gone."
CARPARK,outside,third,"The empty carpark feels vast and abandoned, as if no one has been here in years."
CARPARK,outside,third,"A broken-down vehicle, covered in vines, serves as a grim reminder of the past."
CEMETERY,outside,first,"Rows of gravestones stretch into the distance, some toppled and others shrouded in moss."
CEMETERY,outside,first,"Rows of weathered gravestones stretch out across the cemetery, their inscriptions barely legible."
CEMETERY,outside,first,"Tall, rusting wrought-iron gates stand open, leading into the graveyard, their hinges creaking in the wind."
CEMETERY,outside,first,"A large stone mausoleum looms in the center, covered in creeping ivy and bathed in shadows."
CEMETERY,outside,first,"A lone raven perched on a gravestone watches silently, its feathers ruffled by the cold wind."
CEMETERY,outside,first,"The cemetery’s wrought-iron fence is broken in places, leaving gaps where the earth has started to reclaim it."
CEMETERY,outside,second,"A wrought-iron gate stands ajar, its rusted hinges protesting with each gust of wind."
CEMETERY,outside,second,"Moss and lichen grow thick on the tombstones, making the once-pristine markers blend with the earth."
CEMETERY,outside,second,"The distant howling of wind echoes through the cemetery, disturbing the otherwise eerie silence."
CEMETERY,outside,second,"A cracked and broken statue of an angel stands at the entrance, its face eroded by time."
CEMETERY,outside,second,The smell of damp earth and decaying leaves fills the air as the wind stirs the tall grass.
CEMETERY,outside,second,"Sunlight filters through the branches of nearby trees, casting long shadows across the cemetery grounds."
CEMETERY,outside,third,"The silence is deafening, broken only by the rustle of dead leaves underfoot."
CEMETERY,outside,third,"A chill runs through the air, carrying the faint scent of decay and forgotten memories."
CEMETERY,outside,third,"The gravestones are uneven, some leaning and others sunken into the earth, as if being slowly pulled under."
CEMETERY,outside,third,The soft murmur of the wind moving through the trees is the only sound that breaks the silence.
CEMETERY,outside,third,"A faded photograph of a long-dead person rests against a gravestone, as if left by a forgotten visitor."
CEMETERY,outside,third,"A thin layer of fog lingers near the ground, making the cemetery feel even more desolate."
CHURCH,inside,first,"The altar is covered in dust, with tattered cloth and broken candlesticks scattered nearby."
CHURCH,inside,first,"The pews are rotting and covered in dust, their once-pristine wood now warped and brittle."
CHURCH,inside,first,"The air is thick with mildew, the faint scent of old incense still lingering despite the years of abandonment."
CHURCH,inside,first,"The altar is covered in cobwebs, with a faded cloth draped over it, stained with years of neglect."
CHURCH,inside,first,"Shattered stained glass windows filter a faint, muted light into the otherwise dark church."
CHURCH,inside,first,"The interior of the church is eerily still, with forgotten hymns echoing faintly in the emptiness."
CHURCH,inside,second,"Pews are overturned, some reduced to piles of splinters by time and neglect."
CHURCH,inside,second,"The walls are cracked and covered in grime, with faded murals of saints barely visible through the layers of dirt."
CHURCH,inside,second,"The pews are overturned, and the floors are littered with broken shards of glass from the windows."
CHURCH,inside,second,"Old candles sit in the remains of their holders, their wax long melted into dark, hardened pools."
CHURCH,inside,second,"The once-vibrant altar is now a rotting husk, the wood cracked and the religious symbols faded."
CHURCH,inside,second,"The air is still and heavy, and the silence is broken only by the faint creaks of the old wooden beams."
CHURCH,inside,third,"Light streams through the shattered windows, casting fractured rainbows on the cracked floor."
CHURCH,inside,third,"A cold draft moves through the shattered windows, adding to the chill that has settled over the abandoned pews."
CHURCH,inside,third,"The faint sound of a distant bell chimes from the ruined steeple above, sending a shiver through the cold air."
CHURCH,inside,third,"The walls are covered in dust and mold, with the faint outline of old church banners still clinging to the walls."
CHURCH,inside,third,"The once grand organ is now a pile of broken pipes and rotting wood, its haunting music long silenced."
CHURCH,inside,third,"A forgotten prayer book lies open on the altar, its pages yellowed and brittle, as if left there just yesterday."
CHURCH,outside,first,"The steeple leans precariously, with ivy crawling up its weathered surface."
CHURCH,outside,first,"The church’s steeple rises crookedly against the sky, its cross now worn and rusted from years of neglect."
CHURCH,outside,first,"The weathered stone walls of the church are covered in ivy, with parts of the roof missing, exposing the interior to the elements."
CHURCH,outside,first,"The doors to the church hang loosely on their hinges, cracked and covered in years of grime."
CHURCH,outside,first,"The facade of the church is crumbling, with broken windows revealing the shadowy interior."
CHURCH,outside,first,"The steeple leans dangerously, its stones cracked and chipped, with a faint bell still hanging in the tower."
CHURCH,outside,second,The large wooden doors are splintered and hang awkwardly on rusted hinges.
CHURCH,outside,second,"A tangle of overgrown vines snakes around the entrance, slowly overtaking the building."
CHURCH,outside,second,"The stained glass windows are shattered, leaving only fragments of colored glass scattered on the ground."
CHURCH,outside,second,"A rusted iron fence surrounds the church, with several sections knocked down, allowing weeds to grow freely inside."
CHURCH,outside,second,"The stone path leading to the entrance is cracked and overrun with weeds, barely visible through the wild growth."
CHURCH,outside,second,The once-pristine grounds are now a graveyard for overgrown grass and neglected statues.
CHURCH,outside,third,Cracked stained glass windows depict faded scenes of saints and angels.
CHURCH,outside,third,"The church is bathed in the dim light of a setting sun, casting long shadows across the neglected yard."
CHURCH,outside,third,"The silence around the church is deafening, broken only by the occasional rustle of leaves in the wind."
CHURCH,outside,third,"A feeling of abandonment hangs heavy over the church, its doors open but the building forgotten by time."
CHURCH,outside,third,"The weathered stone cross atop the church seems to sag under the weight of time, its edges worn smooth by the years."
CHURCH,outside,third,"The building is eerily quiet, with no sounds of life except the distant cries of birds overhead."
FACTORY,inside,first,"The assembly line is frozen in time, its conveyor belts covered in dust and debris."
FACTORY,inside,first,"The interior is a cavernous space, filled with rusted machinery, broken conveyor belts, and discarded tools."
FACTORY,inside,first,"Dust motes dance in the dim light filtering through broken windows, and the air is thick with the smell of oil and metal."
FACTORY,inside,first,"Massive, rusted machines sit idle, their gears frozen and covered in cobwebs, with abandoned workstations scattered throughout the room."
FACTORY,inside,first,"The factory floor is littered with torn blueprints and broken equipment, a stark contrast to its once-bustling energy."
FACTORY,inside,first,"Oil stains and metal shavings cover the floors, and the faint echo of past operations can still be heard in the empty halls."
FACTORY,inside,second,"Industrial machinery lies dormant, massive and imposing in the dim light."
FACTORY,inside,second,"The air is damp and stale, filled with the scent of rust and rotting machinery that hasn’t been used in years."
FACTORY,inside,second,"The factory floor is covered in debris—shattered glass, broken tools, and discarded parts—remnants of a forgotten era of production."
FACTORY,inside,second,"Old factory machines, now in disrepair, sit like hulking monsters waiting for a master to return and put them to work."
FACTORY,inside,second,"Dim, flickering lights barely illuminate the expanse of the factory, where rows of abandoned assembly lines sit untouched."
FACTORY,inside,second,"The sound of dripping water echoes through the factory, as rust creeps along the walls and ceilings."
FACTORY,inside,third,"The air is filled with the faint scent of grease and metal, relics of a long-dead industry."
FACTORY,inside,third,"The factory is eerily silent, except for the occasional creak of old machinery and the hum of a malfunctioning generator."
FACTORY,inside,third,"Long-abandoned workstations sit in disarray, with tools scattered across desks and broken machinery hanging half-completed from the ceilings."
FACTORY,inside,third,"The air is heavy with the smell of old oil and the metallic scent of decaying machines, an industrial graveyard."
FACTORY,inside,third,"Rusty gears and broken pipes line the walls, and dust settles over the once-pristine machinery, which is now long inactive."
FACTORY,inside,third,"The factory floor is littered with broken glass, and empty crates line the walls, remnants of products long since shipped out and forgotten."
FACTORY,outside,first,"The towering smokestacks are cracked and covered in moss, long since unused."
FACTORY,outside,first,"The factory is a hulking structure of rusted metal and cracked concrete, its massive smokestacks towering above the surrounding landscape."
FACTORY,outside,first,"Broken windows line the upper floors, and the faint echo of machinery can still be heard from within."
FACTORY,outside,first,"The factory's perimeter is surrounded by tall, decaying fences, and piles of scrap metal lie scattered around the entrance."
FACTORY,outside,first,"The once-bustling factory now stands silent, its rusty exterior and half-collapsed roof offering a grim reminder of past industry."
FACTORY,outside,first,"Giant gears and metal beams lie discarded in the yard, covered in dust and rust."
FACTORY,outside,second,The chain-link fence surrounding the facility is torn and overgrown with weeds.
FACTORY,outside,second,"The factory's smokestacks are now silent, their chimneys cracked and crumbling, leaving behind a haunting shell of their former purpose."
FACTORY,outside,second,"Tall chain-link fences surround the property, sagging and rusted with age, while bits of broken machinery litter the ground outside."
FACTORY,outside,second,"A thick layer of dust and debris coats the exterior, and the windows are cracked and weathered, barely revealing the darkness within."
FACTORY,outside,second,"Crows perch on the rusted girders, their calls the only sound as they circle the desolate, abandoned factory."
FACTORY,outside,second,"The factory yard is scattered with broken equipment and abandoned vehicles, a testament to a time long passed."
FACTORY,outside,third,"Faded signs warn against trespassing, their messages barely visible under layers of rust."
FACTORY,outside,third,"The factory is a ghost of its former self, its faded sign hanging crookedly, almost obscured by rust and age."
FACTORY,outside,third,"The building’s once-pristine walls are now peeling and cracked, with large sections of the roof collapsed in on themselves."
FACTORY,outside,third,"The factory grounds are eerily quiet, with only the distant rustle of wind moving through the abandoned machinery."
FACTORY,outside,third,"A faint, oily smell lingers in the air around the factory, mixed with the scent of decay and long-abandoned work."
FACTORY,outside,third,"The broken windows rattle in the wind, and the factory stands as a monument to industrial collapse."
FIRE_STATION,inside,first,"Rows of lockers stand ajar, their contents long pilfered by scavengers."
FIRE_STATION,inside,first,"Inside, the garage is filled with empty vehicle spaces, the fire trucks long gone, leaving only the scent of old smoke."
FIRE_STATION,inside,first,"The walls are lined with rusted tools, long since abandoned and gathering dust in the airless room."
FIRE_STATION,inside,first,"The fire station's interior is dark, with rotting wooden beams and shattered shelves holding old, unused equipment."
FIRE_STATION,inside,first,"Broken lockers and old uniforms are scattered across the floor, remnants of a time when this place was bustling with activity."
FIRE_STATION,inside,first,"The interior of the fire station is cold and barren, with only the echoes of your footsteps filling the empty space."
FIRE_STATION,inside,second,"The air smells faintly of smoke and damp concrete, a relic of past emergencies."
FIRE_STATION,inside,second,"The old fire truck bays are lined with dust, and the faint smell of burnt wood still clings to the walls."
FIRE_STATION,inside,second,"A disarray of equipment and abandoned firefighting gear litters the floor, untouched for years."
FIRE_STATION,inside,second,"The dim light from broken windows filters into the room, illuminating the dust motes swirling in the stale air."
FIRE_STATION,inside,second,"The walls are lined with old fire hoses and rusted tools, reminders of a time long passed."
FIRE_STATION,inside,second,"Faded pictures of firefighters in action hang crookedly on the walls, their glossy surfaces covered in dust."
FIRE_STATION,inside,third,Broken fire hoses and empty oxygen tanks litter the station's once-busy floor.
FIRE_STATION,inside,third,"Old signs and instructions are barely legible, the paint peeling from years of neglect."
FIRE_STATION,inside,third,"A lone chair sits in the corner, untouched and covered in dust, as though the station was abandoned mid-shift."
FIRE_STATION,inside,third,"The atmosphere inside is heavy with the smell of mildew and decaying wood, the structure slowly falling apart."
FIRE_STATION,inside,third,"You hear the distant sound of dripping water, a reminder of the leaks and decay that have overtaken the station."
FIRE_STATION,inside,third,"The interior is eerily quiet, save for the occasional creaking of the building settling in the empty space."
FIRE_STATION,outside,first,"The once-vital station is now a crumbling relic, its red bricks blackened with soot."
FIRE_STATION,outside,first,"The fire station's exterior is marked by faded red paint, with the old fire truck garage doors hanging crookedly."
FIRE_STATION,outside,first,"The fire station stands at the edge of the street, its once-vibrant walls now chipped and weathered by time."
FIRE_STATION,outside,first,"The fire station's tall tower is silent now, with no sirens blaring through the empty streets."
FIRE_STATION,outside,first,"The garage doors hang half-open, revealing rusted equipment and abandoned fire trucks that haven't moved in years."
FIRE_STATION,outside,first,"A weathered emblem of a firetruck remains above the door, though time has worn it nearly to obscurity."
FIRE_STATION,outside,second,"A faded fire truck sits abandoned outside, its tires deflated and frame rusted."
FIRE_STATION,outside,second,"Broken windows line the upper floor, with the glass long since shattered and the frames left to rot."
FIRE_STATION,outside,second,"The fire station's front steps are cracked, with weeds growing through the gaps in the stone."
FIRE_STATION,outside,second,"Old fire hoses dangle from the side of the building, their once vibrant red color now faded and torn."
FIRE_STATION,outside,second,"The exterior door of the fire station hangs loosely, barely clinging to its frame."
FIRE_STATION,outside,second,"The exterior is covered in grime, the bright colors of the past now dulled by years of exposure to the elements."
FIRE_STATION,outside,third,"The tall garage doors are stuck halfway open, revealing a dark and empty interior."
FIRE_STATION,outside,third,"The faint smell of smoke lingers in the air, a remnant of the station's once-crucial purpose."
FIRE_STATION,outside,third,"A lone tree stands nearby, its branches stretching toward the crumbling fire station as if mourning its past."
FIRE_STATION,outside,third,"A rusted fire hydrant sits near the entrance, its purpose long forgotten."
FIRE_STATION,outside,third,"Empty and quiet, the fire station stands as a silent reminder of a time when it was vital to the community."
FIRE_STATION,outside,third,The sound of the wind rustling through abandoned equipment is the only noise here.
HOSPITAL,inside,first,"The sterile white walls are yellowed with age, and the floor is cracked and littered with debris."
HOSPITAL,inside,first,"The sterile walls are chipped and faded, revealing layers of peeling paint beneath."
HOSPITAL,inside,first,"Abandoned gurneys lie haphazardly in the halls, their wheels squeaking with the faintest nudge."
HOSPITAL,inside,first,"Broken fluorescent lights hang precariously from the ceiling, casting uneven shadows."
HOSPITAL,inside,first,"The faint smell of antiseptic lingers in the air, a haunting reminder of past treatments."
HOSPITAL,inside,first,"Cracked tiles crunch underfoot, their once-pristine white surface now mottled with dirt."
HOSPITAL,inside,second,"Old medical equipment lies scattered, long since rendered useless."
HOSPITAL,inside,second,"Rows of overturned beds line the corridors, tangled in dusty sheets and rusted IV stands."
HOSPITAL,inside,second,"Scattered medical charts and syringes lie forgotten, hinting at an abrupt evacuation."
HOSPITAL,inside,second,"Bloodstains mar the walls and floors, long dried and darkened to a deep rust-red."
HOSPITAL,inside,second,"Empty oxygen tanks and surgical tools litter the corners, creating an eerie stillness."
HOSPITAL,inside,second,"A rusted operating table sits in the center of a room, its surface stained and cracked."
HOSPITAL,inside,third,"The smell of decay and mildew permeates the air, making it hard to breathe."
HOSPITAL,inside,third,The flickering of a single light bulb punctuates the oppressive silence.
HOSPITAL,inside,third,"A faint groan of strained metal echoes through the halls, amplifying the tension."
HOSPITAL,inside,third,"The remnants of a wheelchair lie overturned, its wheels broken and frame bent."
HOSPITAL,inside,third,"A lone surgical mask dangles from a hook, swaying gently in a nonexistent breeze."
HOSPITAL,inside,third,"An old intercom crackles to life momentarily, emitting an unintelligible burst of static."
HOSPITAL,outside,first,"The facade is crumbling, with a faded red cross barely visible against the peeling paint."
HOSPITAL,outside,first,"The hospital’s facade is crumbling, with large chunks of concrete missing from the walls."
HOSPITAL,outside,first,"Shattered windows line the upper floors, their jagged edges glinting in the dim light."
HOSPITAL,outside,first,The building’s once-bright red cross sign is now faded and barely visible.
HOSPITAL,outside,first,"A collapsed awning lies in a heap near the entrance, rusted metal and torn fabric intertwined."
HOSPITAL,outside,first,"Overgrown vines snake up the sides of the hospital, their grip tightening on the decaying structure."
HOSPITAL,outside,second,Shattered windows offer a glimpse of the desolation within.
HOSPITAL,outside,second,"The main doors hang askew, one of them barely attached to its hinges."
HOSPITAL,outside,second,"A pile of discarded medical waste sits near the entrance, long since scavenged for anything useful."
HOSPITAL,outside,second,"Cracked pavement surrounds the hospital, with weeds sprouting defiantly between the fissures."
HOSPITAL,outside,second,"Broken stretchers and IV poles are scattered around the entrance, abandoned in the rush to escape."
HOSPITAL,outside,second,"The roof has partially caved in, leaving a gaping hole that exposes the skeletal remains of upper floors."
HOSPITAL,outside,third,The eerie silence surrounding the building is broken only by the occasional creak of settling ruins.
HOSPITAL,outside,third,"The sound of distant sirens echoes faintly, a ghostly reminder of the chaos that once reigned here."
HOSPITAL,outside,third,"A cold wind blows through the desolate courtyard, carrying the faint scent of decay."
HOSPITAL,outside,third,"The rusted remnants of an ambulance sit parked outside, its doors swinging idly in the breeze."
HOSPITAL,outside,third,"Graffiti covers the lower walls, a mix of desperate warnings and crude symbols."
HOSPITAL,outside,third,"Birds circle overhead, their harsh cries adding to the somber atmosphere."
JUNKYARD,inside,first,Piles of rusting scrap metal are stacked haphazardly around the yard.
JUNKYARD,inside,first,"Massive piles of scrap metal form precarious towers, their edges jagged and rusted."
JUNKYARD,inside,first,"Old appliances and dismantled vehicles are scattered across the ground, their components exposed to the elements."
JUNKYARD,inside,first,"The air is thick with the acrid smell of rust and oil, clinging to everything."
JUNKYARD,inside,first,"Shards of glass and twisted wires litter the floor, making every step a cautious one."
JUNKYARD,inside,first,"Discarded tools and machinery lie forgotten, their usefulness long expired."
JUNKYARD,inside,second,Old appliances and disassembled vehicles create a maze of debris.
JUNKYARD,inside,second,"A gutted bus sits in the center, its seats torn and frame stripped bare."
JUNKYARD,inside,second,"An overturned barrel leaks a dark, viscous liquid, pooling in the dirt below."
JUNKYARD,inside,second,The faint clinking of loose metal echoes as the wind stirs through the heaps.
JUNKYARD,inside,second,"A trail of footprints weaves between the piles, evidence of recent scavengers."
JUNKYARD,inside,second,"Rusted chains dangle from a broken pulley system, swaying gently in the breeze."
JUNKYARD,inside,third,The air is thick with the smell of rust and decay.
JUNKYARD,inside,third,"A single crow caws from atop a mound of crushed cars, its call cutting through the silence."
JUNKYARD,inside,third,The distant hum of machinery suggests someone might still be working nearby.
JUNKYARD,inside,third,"A faded sign lies half-buried in the dirt, warning of hazardous materials."
JUNKYARD,inside,third,"A broken vending machine leans against a heap of junk, its contents long pilfered."
JUNKYARD,inside,third,The eerie quiet is punctuated by the occasional clatter of shifting debris.
JUNKYARD,outside,first,A vast expanse of broken machinery stretches out in all directions.
JUNKYARD,outside,first,"The junkyard stretches endlessly, a chaotic maze of rusting metal and discarded debris."
JUNKYARD,outside,first,"Tall fences topped with barbed wire encircle the area, though many sections are broken or missing."
JUNKYARD,outside,first,"A dilapidated sign at the entrance reads 'Scrap Paradise,' its letters barely legible."
JUNKYARD,outside,first,The ground outside is littered with smaller scraps of metal and broken glass.
JUNKYARD,outside,first,"A watchtower stands at the edge, its wooden frame warped and leaning dangerously."
JUNKYARD,outside,second,Rusting cars and jagged metal fragments litter the ground.
JUNKYARD,outside,second,"Rows of crushed cars form a makeshift wall, their frames flattened and rusting."
JUNKYARD,outside,second,"Vines and weeds have begun to claim the outskirts, creeping over the metal debris."
JUNKYARD,outside,second,"The air is thick with the metallic tang of rust and grease, carried on the wind."
JUNKYARD,outside,second,"An old crane looms in the distance, its arm frozen in mid-motion."
JUNKYARD,outside,second,"A stray dog rummages through the trash, darting away at the slightest sound."
JUNKYARD,outside,third,The chain-link fence surrounding the yard is torn and sagging.
JUNKYARD,outside,third,"The sound of distant clanging echoes faintly, hinting at activity within."
JUNKYARD,outside,third,"Clouds of dust rise with each gust of wind, coating everything in a fine layer of grime."
JUNKYARD,outside,third,"A broken-down truck rests near the entrance, its cab gutted and wheels missing."
JUNKYARD,outside,third,"The faint scent of burning metal lingers in the air, suggesting recent activity."
JUNKYARD,outside,third,The oppressive quiet is broken only by the occasional creak of shifting scrap.
LIBRARY,inside,first,Dusty shelves are lined with books in various states of decay.
LIBRARY,inside,first,"Dusty shelves stand as silent sentinels, most of their contents long since scavenged or destroyed."
LIBRARY,inside,first,The air is thick with the musty scent of aged paper and mildew.
LIBRARY,inside,first,"Scattered pages flutter on the floor, their edges yellowed and brittle."
LIBRARY,inside,first,Once-pristine wooden desks are now marred with scratches and graffiti.
LIBRARY,inside,first,"Broken chandeliers dangle precariously, their crystals reflecting dim light."
LIBRARY,inside,second,"Shattered windows let sunlight filter in, casting eerie shadows."
LIBRARY,inside,second,"Rows of torn and crumbling books lie abandoned, their spines barely legible."
LIBRARY,inside,second,"A toppled ladder leans against a shelf, its rungs splintered and broken."
LIBRARY,inside,second,"Cobwebs stretch across the reading nooks, weaving intricate patterns of neglect."
LIBRARY,inside,second,Fragments of shattered glass from skylights litter the carpeted floors.
LIBRARY,inside,second,"Faded posters of past events hang askew on the walls, their colors muted with age."
LIBRARY,inside,third,The oppressive silence is broken only by the creak of old wood underfoot.
LIBRARY,inside,third,"A single desk lamp flickers sporadically, casting eerie shadows on the walls."
LIBRARY,inside,third,The faint sound of dripping water echoes from somewhere deep within the building.
LIBRARY,inside,third,"An overturned chair lies in the corner, its cushion torn and stuffing exposed."
LIBRARY,inside,third,A forgotten pair of glasses rests atop a dusty stack of books.
LIBRARY,inside,third,The oppressive silence is broken only by the distant creak of settling wood.
LIBRARY,outside,first,The brick exterior is overrun with vines and moss.
LIBRARY,outside,first,"The library’s grand facade is now weathered and cracked, its columns streaked with grime."
LIBRARY,outside,first,"Vines have claimed much of the building, crawling over its once-proud architecture."
LIBRARY,outside,first,"The large double doors are splintered, their handles rusted and bent."
LIBRARY,outside,first,Shattered windows reveal glimpses of the desolation within.
LIBRARY,outside,first,"The library's stone sign is chipped and faded, its name barely readable."
LIBRARY,outside,second,"The front doors hang loosely on their hinges, swaying with the breeze."
LIBRARY,outside,second,"The front steps are littered with debris, from broken stone to scattered books."
LIBRARY,outside,second,"An old bench sits warped and broken, its wood rotting from years of exposure."
LIBRARY,outside,second,"The surrounding courtyard is overgrown, wildflowers mingling with weeds and moss."
LIBRARY,outside,second,"Graffiti mars the outer walls, blending with the natural decay of time."
LIBRARY,outside,second,"A pair of rusted lampposts stand crookedly at the entrance, their bulbs long since shattered."
LIBRARY,outside,third,The weathered sign above the entrance is barely legible.
LIBRARY,outside,third,"A crow perches atop a gargoyle, its sharp cry echoing in the empty street."
LIBRARY,outside,third,The air is heavy with the scent of damp stone and decaying leaves.
LIBRARY,outside,third,"The faint whistle of the wind passes through the shattered windows, carrying with it an air of melancholy."
LIBRARY,outside,third,"A forgotten bicycle leans against the side of the building, its frame rusted and wheels bent."
LIBRARY,outside,third,Shadows from the overhanging branches of nearby trees dance across the cracked facade.
MONUMENT,outside,first,"The towering structure rises defiantly, though its surface is marred with cracks and graffiti."
MONUMENT,outside,first,"The towering structure looms before you, its surface chipped and cracked by years of neglect."
MONUMENT,outside,first,"A grand monument, its stone face weathered and eroded, stands in stark contrast to the surrounding decay."
MONUMENT,outside,first,"The monument's base is surrounded by overgrown weeds, with the stone surfaces worn by time."
MONUMENT,outside,first,"A statue atop the monument gazes out over the ruined city, its once-proud posture now a mere shadow of its former glory."
MONUMENT,outside,first,"Faded engravings on the monument’s base hint at a long-forgotten history, barely legible in the dim light."
MONUMENT,outside,second,"Weathered inscriptions barely tell their stories, their words eroded by the passage of time."
MONUMENT,outside,second,"Vines crawl up the weathered stone, obscuring parts of the engravings and adding to the structure's ruin."
MONUMENT,outside,second,"The monument's edges are jagged, cracked from years of exposure to the elements and neglect."
MONUMENT,outside,second,"Broken stone steps lead up to the base of the monument, some cracked and others completely missing."
MONUMENT,outside,second,"The plaza surrounding the monument is empty, with only the echoes of the past left in the air."
MONUMENT,outside,second,"The once-pristine bronze plaque now sits tarnished and barely visible, a shadow of its original brilliance."
MONUMENT,outside,third,"The base of the monument is littered with debris, a stark contrast to its intended grandeur."
MONUMENT,outside,third,"A cold wind blows through the monument, causing the surrounding trees to sway and adding to the desolation."
MONUMENT,outside,third,The distant sound of falling rocks echoes as parts of the monument crumble to the ground.
MONUMENT,outside,third,"Patches of moss and lichen cling to the cold stone, giving it an eerie, almost alive appearance."
MONUMENT,outside,third,"A lone raven perches on the top of the monument, watching the surrounding area with cold, indifferent eyes."
MONUMENT,outside,third,"The monument stands stoically, enduring the ravages of time and weather, a silent witness to the past."
MUSEUM,inside,first,"Empty display cases line the walls, their glass shattered and frames rusted."
MUSEUM,inside,first,"The halls are empty, with old exhibit cases overturned, and dusty remnants of artifacts scattered across the floor."
MUSEUM,inside,first,"Faded display boards hang on cracked walls, and broken glass litters the floor, a stark contrast to the museum’s former glory."
MUSEUM,inside,first,"The museum’s interior is dark, filled with the smell of decay, with tattered paintings and broken relics lying in heaps."
MUSEUM,inside,first,"Old museum exhibits lie abandoned, with dusty skeletons of artifacts once on display, now long forgotten."
MUSEUM,inside,first,"Once grand showcases are now empty and shattered, with the remnants of what was once a place of history scattered around."
MUSEUM,inside,second,"The grand staircase is covered in dust and debris, leading to nowhere."
MUSEUM,inside,second,"The museum’s interior is filled with broken glass, empty display cases, and the remains of the exhibits that once told stories of the past."
MUSEUM,inside,second,"Dust covers the floor and walls, while shattered relics and disheveled exhibits serve as silent reminders of a forgotten time."
MUSEUM,inside,second,"Old artifacts sit in broken displays, with a strange stillness in the air as remnants of the past sit abandoned and untouched."
MUSEUM,inside,second,"Faded posters line the walls, and the dim light filtering through broken windows casts a melancholic glow on the desolate exhibits."
MUSEUM,inside,second,"The walls are cracked, and forgotten artifacts lie in piles, covered in dust and cobwebs, the once-pristine exhibits long gone."
MUSEUM,inside,third,"What few artifacts remain are broken and scattered, relics of a time long past."
MUSEUM,inside,third,"The once-grand exhibits are now in ruin, with shattered glass cases and remnants of old relics scattered across the floors."
MUSEUM,inside,third,"The air is thick with the smell of mildew, and old museum displays sit in ruins, telling a story of neglect and decay."
MUSEUM,inside,third,"Broken sculptures and abandoned artifacts fill the halls, the dusty remnants of history now left to deteriorate in silence."
MUSEUM,inside,third,"The museum is eerily quiet, its exhibits rotting away, and only the faintest echo of what once was remains."
MUSEUM,inside,third,"The dim light from shattered skylights casts ghostly shadows on the remains of exhibits, where history now fades into dust."
MUSEUM,outside,first,"Massive columns flank the entrance, their surfaces chipped and weathered by time."
MUSEUM,outside,first,"The museum's grand entrance is overrun with vines, the doors slightly ajar, hinting at the forgotten history inside."
MUSEUM,outside,first,"A large stone archway marks the entrance, but the once-polished marble is now chipped and covered in moss."
MUSEUM,outside,first,"The museum’s towering structure is weathered and crumbling, with faded inscriptions barely visible above the entrance."
MUSEUM,outside,first,"The museum's facade is cracked and broken, the once majestic building now a shadow of its former self."
MUSEUM,outside,first,"The large columns at the front are half-collapsed, and the grand doors hang loosely, waiting to fall apart."
MUSEUM,outside,second,"The building is overrun with vines, its grandeur hidden beneath nature's reclamation."
MUSEUM,outside,second,"The museum's exterior is covered in ivy, with the shattered glass of the entrance revealing a dark, desolate interior."
MUSEUM,outside,second,"The once vibrant building is now a hollow shell, with broken windows and rusted gates guarding the entrance."
MUSEUM,outside,second,"The façade of the museum is faded, with old statues standing guard, their features eroded by time and decay."
MUSEUM,outside,second,"The exterior is silent, with a tattered sign still barely readable, hinting at the treasures once housed inside."
MUSEUM,outside,second,"The broken museum walls stand against the wind, a testament to the time and decay, with no one left to admire its former grandeur."
MUSEUM,outside,third,"Statues outside the museum are broken and worn, their features barely discernible."
MUSEUM,outside,third,"The museum’s stone walls are worn and cracked, the remains of once-beautiful sculptures scattered in front of its entrance."
MUSEUM,outside,third,"Shattered windows reveal empty halls, the grand pillars now cracked, with remnants of history buried under layers of dust."
MUSEUM,outside,third,"The towering structure looms in the distance, its grand design still visible through the broken and deteriorating façade."
MUSEUM,outside,third,"The iron gates are rusted, barely hanging on, while the walls of the museum show signs of battle and time’s cruel passage."
MUSEUM,outside,third,"The museum stands desolate, its once-proud architecture now collapsing, but fragments of its grandeur still peek through the decay."
NECROTECH_LAB,inside,first,"The air is filled with a faint metallic tang, mixing with the acrid stench of chemicals."
NECROTECH_LAB,inside,first,"The sterile walls are streaked with soot and age, their once-bright sheen dulled to a grim gray."
NECROTECH_LAB,inside,first,"Dim emergency lights flicker, casting long shadows that seem to move on their own."
NECROTECH_LAB,inside,first,"Broken glass and shattered equipment litter the ground, crunching softly underfoot."
NECROTECH_LAB,inside,first,The air is thick with the acrid scent of chemicals and decay.
NECROTECH_LAB,inside,first,"A faint hum of residual power resonates through the facility, a ghostly echo of its former function."
NECROTECH_LAB,inside,second,"Rows of overturned lab tables lie scattered, their surfaces marred with deep scratches and burns."
NECROTECH_LAB,inside,second,"A shattered terminal screen flickers weakly, displaying fragmented lines of code. "
NECROTECH_LAB,inside,second,Spilled beakers and chemical stains tell stories of experiments long abandoned. 
NECROTECH_LAB,inside,second,"Torn wires dangle from the ceiling, sparking occasionally in defiance of their obsolescence. "
NECROTECH_LAB,inside,second,"Empty containment units line the walls, their shattered glass doors hinting at what once was held within. "
NECROTECH_LAB,inside,second,Tables cluttered with shattered vials and rusted instruments hint at long-abandoned experiments.
NECROTECH_LAB,inside,third,"The room feels alive with a malevolent energy, as if the remnants of old experiments are watching."
NECROTECH_LAB,inside,third,"You feel a sense of unease, as though unseen eyes are watching your every move. "
NECROTECH_LAB,inside,third,"A forgotten clipboard lies on the ground, its faded notes barely legible in the dim light. "
NECROTECH_LAB,inside,third,"The sound of dripping water echoes through the silent halls, a rhythmic reminder of time's passage. "
NECROTECH_LAB,inside,third,"Scorch marks on the floor suggest a violent incident, their patterns speaking of chaos and destruction. "
NECROTECH_LAB,inside,third,"A solitary chair sits upright in the corner, its placement eerily deliberate among the disarray. "
NECROTECH_LAB,outside,first,"The building’s metallic facade glints faintly, corroded by years of acid rain. "
NECROTECH_LAB,outside,first,"Overgrown vines creep up the sides of the facility, their tendrils invading cracks in the structure. "
NECROTECH_LAB,outside,first,The once-imposing structure looms like a skeletal reminder of technological ambition. 
NECROTECH_LAB,outside,first,A faded logo barely visible on the front entrance hints at the lab's corporate origins. 
NECROTECH_LAB,outside,first,"The compound is surrounded by a broken chain-link fence, with rusted warning signs flapping in the wind. "
NECROTECH_LAB,outside,first,"The building looms against the skyline, its sharp angles cutting a menacing silhouette."
NECROTECH_LAB,outside,second,"Broken security cameras dangle uselessly from their mounts, their wires swinging in the breeze."
NECROTECH_LAB,outside,second,"The large, reinforced doors stand ajar, one of them hanging loosely on rusted hinges. "
NECROTECH_LAB,outside,second,"Shattered windows reflect the dim light, their jagged edges framing the void within. "
NECROTECH_LAB,outside,second,The surrounding area is littered with discarded equipment and empty chemical canisters. 
NECROTECH_LAB,outside,second,"Crumbling concrete pathways lead to the main entrance, their surfaces riddled with cracks and weeds. "
NECROTECH_LAB,outside,second,"A dilapidated security checkpoint stands near the entrance, its roof caved in and consoles smashed. "
NECROTECH_LAB,outside,third,"A faint trail of footprints in the dust suggests recent activity, though the source remains unseen. "
NECROTECH_LAB,outside,third,"The occasional clang of loose metal echoes in the distance, carried by the wind. "
NECROTECH_LAB,outside,third,"The air carries a metallic tang, a taste of oxidized machinery and chemical remnants. "
NECROTECH_LAB,outside,third,"A toppled satellite dish lies near the building, its wires frayed and sparking intermittently. "
NECROTECH_LAB,outside,third,"Crows circle above the compound, their harsh cries adding to the desolate atmosphere. "
NECROTECH_LAB,outside,third,You can’t shake the feeling that this place holds secrets better left undisturbed.
NIGHTCLUB,inside,first,"The dance floor is cracked and dusty, with broken mirrors reflecting the emptiness."
NIGHTCLUB,inside,first,"The dance floor is empty and covered in dust, with the once-vibrant lights now broken and dark."
NIGHTCLUB,inside,first,"The nightclub’s interior is eerily silent, with old speakers cracked and the walls covered in graffiti."
NIGHTCLUB,inside,first,"The floor is littered with broken glass, and the sound of broken music equipment echoes through the empty club."
NIGHTCLUB,inside,first,"The once-crowded dance floor is now covered in dust and debris, with flickering lights casting an eerie glow."
NIGHTCLUB,inside,first,"The air smells stale, with the remains of broken furniture scattered around, and the dance floor left silent and empty."
NIGHTCLUB,inside,second,"The DJ booth is smashed, wires and equipment strewn across the stage."
NIGHTCLUB,inside,second,"The walls are covered in peeling paint, and the floor is littered with remnants of the past, from broken bottles to old records."
NIGHTCLUB,inside,second,"Old disco balls hang from the ceiling, but the dance floor is empty, the once-lively space now abandoned."
NIGHTCLUB,inside,second,"The empty bar stands against the wall, with dust-covered bottles still behind it, as the broken sound system lies silent."
NIGHTCLUB,inside,second,"The air is thick with the smell of mildew, and the remains of old club equipment litter the dark corners of the room."
NIGHTCLUB,inside,second,"The empty nightclub feels like a forgotten space, with broken furniture and abandoned drink glasses scattered on the floor."
NIGHTCLUB,inside,third,Empty bottles and tattered furniture are scattered throughout the shadowy space.
NIGHTCLUB,inside,third,"The nightclub is dark and hollow, the remnants of a loud and lively place now nothing more than a ghostly shell."
NIGHTCLUB,inside,third,"Broken glass and overturned chairs litter the floor, while the remains of old decorations hang loosely from the walls."
NIGHTCLUB,inside,third,"The air is thick with the stench of rot, and the remnants of what was once a lively space now serve as a silent reminder of its former glory."
NIGHTCLUB,inside,third,"The nightclub's walls are cracked and peeling, the dance floor covered in dust, and a few broken lights flicker above the emptiness."
NIGHTCLUB,inside,third,"The once-glamorous interior now lies in ruins, with overturned tables, broken bottles, and a faint scent of stale liquor lingering in the air."
NIGHTCLUB,outside,first,"The neon sign flickers faintly, casting a ghostly glow over the desolate street."
NIGHTCLUB,outside,first,"The nightclub’s once-glowing neon sign flickers weakly, casting an eerie light on the crumbling exterior."
NIGHTCLUB,outside,first,"The nightclub’s entrance is covered in graffiti, the bright neon lights long since burned out, and the door hangs loosely on its hinges."
NIGHTCLUB,outside,first,"The nightclub is a dark silhouette, with shattered windows and a flickering neon sign that barely works anymore."
NIGHTCLUB,outside,first,"The exterior is covered in decay, with rusted metal framing the once-vibrant neon signs, now dim and barely noticeable."
NIGHTCLUB,outside,first,"A faded neon sign barely illuminates the abandoned nightclub, while the door creaks in the wind, almost ready to fall off."
NIGHTCLUB,outside,second,"Graffiti covers the once-glamorous facade, obscuring its former vibrancy."
NIGHTCLUB,outside,second,"The once-lively building stands empty and abandoned, with broken windows and cracked neon lighting that no longer shines."
NIGHTCLUB,outside,second,"The nightclub’s exterior is dark and lifeless, with only the remnants of the past clinging to the decaying walls."
NIGHTCLUB,outside,second,"The street outside is eerily quiet, the nightclub’s facade dark and dilapidated, its former glow lost to time."
NIGHTCLUB,outside,second,"The exterior is covered in graffiti, while the entrance door swings open, revealing only darkness inside."
NIGHTCLUB,outside,second,"The darkened windows and peeling paint give the nightclub an abandoned look, with only the flicker of a broken sign left to hint at its past."
NIGHTCLUB,outside,third,"The doors are chained shut, with posters for long-forgotten events still clinging to the walls."
NIGHTCLUB,outside,third,"The nightclub stands like a forgotten ruin, its exterior damaged and its former vibrancy erased by time and neglect."
NIGHTCLUB,outside,third,"The walls of the nightclub are cracked and faded, its neon sign barely illuminating the ghost of what once was."
NIGHTCLUB,outside,third,"The entrance is overrun with weeds, and the crumbling facade tells of a place once full of life, now completely abandoned."
NIGHTCLUB,outside,third,"The nightclub’s exterior is silent, the remnants of its glorious past barely visible behind shattered windows and decaying walls."
NIGHTCLUB,outside,third,"A few broken neon lights flicker weakly above the entrance, hinting at a once-popular nightclub now lost to time."
PARK,outside,first,"The grass is overgrown, and weeds have overtaken the pathways that once welcomed families."
PARK,outside,first,"The overgrown grass sways gently in the breeze, dotted with wildflowers reclaiming the space."
PARK,outside,first,Benches with peeling paint and rusting legs line a cracked pathway winding through the park.
PARK,outside,first,"A dried-up fountain sits at the center of the park, its stone edges chipped and weathered."
PARK,outside,first,"The swings on the playground creak eerily, their chains rusted and seats covered in moss."
PARK,outside,first,Trees with sprawling branches provide shade over areas now overtaken by creeping vines.
PARK,outside,second,"A broken swing set creaks in the wind, and a rusted fountain stands dry and cracked."
PARK,outside,second,"A broken statue of a once-celebrated figure stands at the park's edge, now a perch for birds."
PARK,outside,second,"An old picnic table lies overturned near the remnants of a barbecue pit, long unused."
PARK,outside,second,"A thin stream of water trickles through what was once a lively pond, now filled with algae."
PARK,outside,second,"Graffiti adorns the concrete walls of a nearby pavilion, adding bursts of color to the decay."
PARK,outside,second,The distant chirping of birds contrasts with the stillness of the deserted playground.
PARK,outside,third,"Wildflowers bloom sporadically, adding spots of color to an otherwise bleak landscape."
PARK,outside,third,"The smell of damp earth and rotting leaves fills the air, mingling with faint floral notes."
PARK,outside,third,"A forgotten book lies beneath a bench, its pages swollen and stuck together by moisture."
PARK,outside,third,"Shadows stretch long across the park as the sun dips low, casting a golden glow over the scene."
PARK,outside,third,The sound of rustling leaves and the occasional crack of a branch punctuate the quiet.
PARK,outside,third,"A path leads deeper into the park, its end obscured by thick overgrowth and looming trees."
POLICE_DEPARTMENT,inside,first,"Desks and chairs are overturned, papers scattered across the floor in chaotic disarray."
POLICE_DEPARTMENT,inside,first,"Inside, old desks are covered with dusty paperwork and abandoned files, some of which are now yellowed and brittle."
POLICE_DEPARTMENT,inside,first,"The station's interior is dark, with the flickering light of broken bulbs casting eerie shadows across the walls."
POLICE_DEPARTMENT,inside,first,"The walls are lined with broken chairs and overturned desks, all abandoned in the rush to leave."
POLICE_DEPARTMENT,inside,first,"Scattered evidence markers and torn uniforms are strewn about the empty offices, remnants of hasty departures."
POLICE_DEPARTMENT,inside,first,"The interior smells faintly of stale coffee and old paper, with dust collecting on everything in sight."
POLICE_DEPARTMENT,inside,second,"The holding cells are empty, their doors left wide open, and graffiti covers the walls."
POLICE_DEPARTMENT,inside,second,"Faded police posters and old wanted flyers are peeling off the walls, barely visible under layers of dust."
POLICE_DEPARTMENT,inside,second,"A long-unused interrogation room sits dark and silent, the table covered in rust and the chairs long since broken."
POLICE_DEPARTMENT,inside,second,"A map of the city hangs crookedly on the wall, its corners curling and edges tattered from years of neglect."
POLICE_DEPARTMENT,inside,second,"The once-bustling hallway is now eerily quiet, with old, rusted filing cabinets lining the walls."
POLICE_DEPARTMENT,inside,second,"In the holding cells, the bars are bent and covered in rust, with shattered windows allowing the cold wind to blow through."
POLICE_DEPARTMENT,inside,third,"The faint metallic smell of old blood lingers in the air, adding to the sense of dread."
POLICE_DEPARTMENT,inside,third,"The air inside is thick with the scent of mildew, the dampness of the abandoned station seeping into the walls."
POLICE_DEPARTMENT,inside,third,"The faint echo of dripping water can be heard, adding to the stillness of the otherwise empty building."
POLICE_DEPARTMENT,inside,third,"Old photographs of police officers in action hang crookedly on the walls, their faces blurred and faded with age."
POLICE_DEPARTMENT,inside,third,"The long-forgotten dispatch room lies in ruins, with cracked radio equipment and shattered screens littering the floor."
POLICE_DEPARTMENT,inside,third,"The once-organized police files are now scattered across the floor, with papers crumpled and torn by time."
POLICE_DEPARTMENT,outside,first,"The building's facade is covered in grime, with shattered windows reflecting the decay."
POLICE_DEPARTMENT,outside,first,"The police station’s front doors hang open, long abandoned, with a faded badge emblem above the entry."
POLICE_DEPARTMENT,outside,first,"The once-imposing police station now stands crumbling, its stone facade covered in layers of grime."
POLICE_DEPARTMENT,outside,first,"The police station is dark and silent, its windows boarded up with old wooden planks."
POLICE_DEPARTMENT,outside,first,"A rusted squad car sits abandoned in the parking lot, its tires flattened and its windows shattered."
POLICE_DEPARTMENT,outside,first,"The tall fence around the station is bent and broken, with remnants of barbed wire hanging loosely."
POLICE_DEPARTMENT,outside,second,"A rusting patrol car is parked outside, its siren long silenced."
POLICE_DEPARTMENT,outside,second,"Faded blue and white stripes run along the building's exterior, now barely visible beneath layers of dirt."
POLICE_DEPARTMENT,outside,second,"A cracked police siren sits atop the roof, rusted and silent, an eerie reminder of days gone by."
POLICE_DEPARTMENT,outside,second,"The station’s front steps are cracked and covered in weeds, with the metal door partially ajar."
POLICE_DEPARTMENT,outside,second,"A rusting police vehicle remains parked in the lot, a silent witness to the years of abandonment."
POLICE_DEPARTMENT,outside,second,"The tall, imposing structure of the police station is now a hollow shell, its windows broken and covered with debris."
POLICE_DEPARTMENT,outside,third,The words 'To Serve and Protect' are barely visible under layers of dirt.
POLICE_DEPARTMENT,outside,third,"The air is thick with the smell of rust and decay, mixing with the faint odor of old gasoline from the vehicles."
POLICE_DEPARTMENT,outside,third,The sound of wind howling through the broken windows fills the otherwise silent street.
POLICE_DEPARTMENT,outside,third,"A lone crow perches on the broken sign, its black feathers stark against the weathered building."
POLICE_DEPARTMENT,outside,third,"The fading siren light spins slowly on the roof, barely illuminated by the dying sun."
POLICE_DEPARTMENT,outside,third,"Old police barricades and cones lie scattered around the lot, overtaken by rust and the passing of time."
PUB,inside,first,"The bar counter is dusty, with shattered glasses and overturned stools scattered around."
PUB,inside,first,"The bar is empty, with overturned chairs scattered across the floor and spilled liquor staining the counters."
PUB,inside,first,"The once-bustling pub now lies in silence, the chairs are overturned, and empty bottles litter the floor."
PUB,inside,first,"The shelves are dusty and bare, the bar top sticky with spilled drinks, and broken glasses lay scattered around."
PUB,inside,first,"The smell of stale beer fills the air, while cracked chairs and overturned tables are left in disarray."
PUB,inside,first,"The walls are cracked, and the floor is littered with broken glass, the once-popular bar now eerily quiet."
PUB,inside,second,"The air is stale, tinged with the faint smell of old beer and mildew."
PUB,inside,second,"The pub’s tables are overturned, and the remains of old bottles and glasses litter the floor, a testament to a time long gone."
PUB,inside,second,"The bar counter is covered in grime, with old, broken stools scattered around, and the air smells of decay."
PUB,inside,second,"The pub’s dimly lit interior holds broken furniture, old bottles, and the remnants of its past patrons scattered around."
PUB,inside,second,"The room is covered in dust, the once-bustling tables and chairs now abandoned and forgotten."
PUB,inside,second,"The bar stands empty, the old tap leaking a steady drip, while the floor is littered with debris and broken furniture."
PUB,inside,third,"Tattered curtains hang from the windows, barely blocking the dim light filtering in."
PUB,inside,third,"The pub’s interior is dark and eerie, the broken furniture scattered across the floor, and the air thick with the smell of stale beer."
PUB,inside,third,"The bar is completely empty, with the remains of old patrons’ drinks still on the tables and chairs."
PUB,inside,third,"The walls are covered in cracks, and broken stools and tables are scattered throughout the room."
PUB,inside,third,"The once-vibrant pub now lies silent, with broken bottles and overturned chairs littering the dusty floor."
PUB,inside,third,"The air is thick with the smell of stale beer and decay, and the furniture is broken, as though abandoned in a rush."
PUB,outside,first,"The pub's sign hangs crookedly, its once-cheery logo now faded and peeling."
PUB,outside,first,"The pub’s once-vibrant sign now hangs loosely, its neon lights long dead, casting no glow on the decaying exterior."
PUB,outside,first,"The exterior of the pub is worn, with faded paint and broken windows, the entrance door hanging ajar."
PUB,outside,first,"The pub’s facade is cracked and weathered, with a rusted sign swaying gently in the wind."
PUB,outside,first,"The pub stands silent and forgotten, its door slightly open, revealing only darkness inside."
PUB,outside,first,"The pub’s sign is barely visible behind layers of grime, the windows shattered, and the front door creaking on its hinges."
PUB,outside,second,"The windows are boarded up, with graffiti marking the aged wooden panels."
PUB,outside,second,"The building stands worn and abandoned, its windows shattered, and the neon sign is now just a memory of its past glory."
PUB,outside,second,"The pub’s exterior is weathered, the paint peeling away, and the once-bustling entrance now abandoned and eerily quiet."
PUB,outside,second,"The darkened pub stands empty, its broken windows and flickering sign a sad reminder of the past."
PUB,outside,second,"The pub looks lifeless, with graffiti covering the walls, the broken sign flickering weakly in the wind."
PUB,outside,second,"The pub’s front door is slightly ajar, and the faded sign hangs limply above the crumbling entrance."
PUB,outside,third,"A few empty barrels sit outside, their metal sides rusted and warped."
PUB,outside,third,"The pub is a shadow of its former self, with peeling paint, broken windows, and a sign that barely glows anymore."
PUB,outside,third,"The facade of the pub is worn down and weathered, the once-cheerful entrance now a dark and desolate space."
PUB,outside,third,"The building’s exterior is chipped and dilapidated, with the pub’s former vibrancy now replaced by decay."
PUB,outside,third,"The pub’s sign hangs crookedly, the doors ajar, and the windows cracked, giving a glimpse of the abandoned interior."
PUB,outside,third,"A faded sign and broken windows mark the pub’s entrance, with the building now covered in layers of dust and neglect."
SCHOOL,inside,first,"Classroom desks are overturned, with torn textbooks and scattered supplies strewn about."
SCHOOL,inside,first,"The school hallways are eerily quiet, lined with lockers that are rusted and half-open, filled with abandoned books and papers."
SCHOOL,inside,first,"Classrooms sit in disarray, chairs toppled over and blackboards covered in dust, as if the students left in a hurry."
SCHOOL,inside,first,"The air is thick with dust, and the faint smell of mildew lingers in the classrooms, where once lively students gathered."
SCHOOL,inside,first,"Desks are overturned, papers scattered across the floor, and the walls are peeling with age and neglect."
SCHOOL,inside,first,"The halls are dark and musty, with broken lights flickering overhead and the faint sound of distant creaks and groans."
SCHOOL,inside,second,"Bulletin boards display yellowed papers and faded posters, relics of a forgotten era."
SCHOOL,inside,second,"The classrooms are filled with forgotten textbooks, old chalkboards covered in faint writing, and empty desks that have long since gathered dust."
SCHOOL,inside,second,"The smell of mildew and decay fills the air, as broken windows allow the wind to stir the detritus left behind by former students."
SCHOOL,inside,second,"Old posters and bulletin boards hang crookedly on the walls, faded from years of exposure to the elements."
SCHOOL,inside,second,"The cafeteria is empty, with overturned tables and half-eaten meals left to rot in the corners of the room."
SCHOOL,inside,second,"The school's interior is crumbling, with cracked floors, broken chairs, and walls that are barely standing."
SCHOOL,inside,third,"The smell of mold and decay permeates the air, mixing with the faint scent of chalk dust."
SCHOOL,inside,third,"The floors creak with each step, and dust clouds rise from the broken tiles that cover the halls."
SCHOOL,inside,third,"Broken windows let in the sun, casting long shadows across abandoned desks and chairs, while the walls show signs of decay."
SCHOOL,inside,third,"The faint remnants of old graffiti and student artwork line the hallways, now faded and almost unrecognizable."
SCHOOL,inside,third,"The smell of rotting paper and mildew hangs in the air, and remnants of old textbooks can be seen scattered across the floor."
SCHOOL,inside,third,"The classrooms are ghostly, filled with cracked desks, peeling paint, and the remnants of lessons long forgotten."
SCHOOL,outside,first,"The flagpole stands empty, its base surrounded by weeds and cracked pavement."
SCHOOL,outside,first,"The school building is a once-pristine structure now weathered by time, with chipped paint and overgrown vines creeping along its walls."
SCHOOL,outside,first,"The playground is silent, with broken swings swaying in the breeze and scattered debris covering the cracked pavement."
SCHOOL,outside,first,"The school's windows are shattered, and the doors hang off their hinges, barely holding on to the frame."
SCHOOL,outside,first,"A large sign once proudly displayed the school’s name, but now it is barely legible, faded by years of neglect."
SCHOOL,outside,first,"The school yard is overrun with weeds, and the cracked concrete is littered with remnants of what used to be a bustling playground."
SCHOOL,outside,second,"Faded paint peels from the walls, and the playground equipment is rusted and broken."
SCHOOL,outside,second,"The school stands as a monument to the past, its once vibrant colors now dulled and chipped, its windows boarded up."
SCHOOL,outside,second,"The school's brick walls are cracked and faded, with remnants of old murals peeling off in places."
SCHOOL,outside,second,A sense of abandonment hangs in the air as the school’s broken windows and overgrown yard paint a picture of neglect.
SCHOOL,outside,second,"The school's exterior is scarred by time, the large front doors now missing and replaced by shattered glass and metal scraps."
SCHOOL,outside,second,"The playground is quiet, the swings and seesaws rusted and unmoving, surrounded by tall grass that has overtaken the field."
SCHOOL,outside,third,"The windows are shattered, with jagged edges reflecting the empty halls inside."
SCHOOL,outside,third,"The school stands half-collapsed, its roof caving in at various points, but still somehow holding on."
SCHOOL,outside,third,"The walls are covered in grime and graffiti, and the school’s front steps have crumbled away, leaving only a faint outline of what was once there."
SCHOOL,outside,third,"The old school bell tower is crooked and silent, its bell missing, leaving only the remnants of its once proud structure."
SCHOOL,outside,third,"The overgrown schoolyard is filled with the husks of old playground equipment, now rusted and abandoned."
SCHOOL,outside,third,"Broken windows and rotting walls reveal the decay of the school, with little left standing to remind one of its former purpose."
STREET,outside,first,"The cracked asphalt stretches into the horizon, lined with abandoned vehicles and overgrown weeds."
STREET,outside,first,"The asphalt is cracked and riddled with potholes, weeds sprouting defiantly through the gaps."
STREET,outside,first,"Abandoned vehicles line the street, their windows shattered and frames rusting."
STREET,outside,first,"Streetlights stand crooked, their bulbs long shattered, casting eerie shadows in the moonlight."
STREET,outside,first,"Discarded trash and broken furniture are strewn across the sidewalk, untouched for years."
STREET,outside,first,"The faded markings on the road are barely visible, worn away by time and neglect."
STREET,outside,second,"Power lines dangle precariously, casting strange shadows in the dim light."
STREET,outside,second,"A traffic light dangles precariously from its wires, swaying in the breeze."
STREET,outside,second,"Graffiti covers the walls of nearby buildings, some of it fresh, some faded beyond recognition."
STREET,outside,second,"A stray newspaper flutters down the street, its print blurred and illegible."
STREET,outside,second,"A lone fire hydrant leaks water, creating a small puddle that reflects the dreary surroundings."
STREET,outside,second,The distant sound of a barking dog echoes through the otherwise silent neighborhood.
STREET,outside,third,"The wind whistles through the shattered windows of nearby buildings, carrying the scent of decay."
STREET,outside,third,"A faint trail of footprints leads off into the distance, vanishing into the dust-covered road."
STREET,outside,third,"The smell of mildew and decay hangs in the air, carried by the faintest of breezes."
STREET,outside,third,"A toppled mailbox lies in the gutter, its door hanging open and empty."
STREET,outside,third,"Shattered glass glitters in the sunlight, remnants of long-broken windows."
STREET,outside,third,The oppressive quiet is broken only by the faint hum of distant power lines.
WAREHOUSE,inside,first,"Rows of empty shelves stretch out into the darkness, their contents long gone."
WAREHOUSE,inside,first,"The floor is littered with broken crates and rusted machinery, remnants of a time long past."
WAREHOUSE,inside,first,"The air is thick with dust, and the faint smell of oil and metal lingers in the otherwise still atmosphere."
WAREHOUSE,inside,first,"Rows of empty shelves line the walls, some sagging under the weight of forgotten materials and broken equipment."
WAREHOUSE,inside,first,"The interior is dimly lit by flickering overhead lights, casting long shadows across the abandoned space."
WAREHOUSE,inside,first,"The echo of your footsteps reverberates in the vast emptiness of the warehouse, adding to the sense of isolation."
WAREHOUSE,inside,second,"The air is thick with the smell of mildew and rust, punctuated by creaking steel beams."
WAREHOUSE,inside,second,"Rusting industrial equipment sits in the corners, covered in layers of dust and debris from years of disuse."
WAREHOUSE,inside,second,"The walls are stained with oil and grime, the once-pristine concrete floors now cracked and uneven."
WAREHOUSE,inside,second,"Stacks of abandoned boxes line the shelves, some crushed under the weight of others, their contents spilling out."
WAREHOUSE,inside,second,"The overhead lights flicker sporadically, casting an unsettling glow over the cluttered aisles and abandoned workstations."
WAREHOUSE,inside,second,"A faint squeak of metal echoes through the air as the building shifts, adding to the eerie atmosphere."
WAREHOUSE,inside,third,A tangle of broken pallets and smashed crates litters the floor.
WAREHOUSE,inside,third,The silence inside the warehouse is broken only by the occasional drip of water leaking from the damaged roof.
WAREHOUSE,inside,third,"A single broken window lets in a shaft of light, illuminating the dust particles floating in the air."
WAREHOUSE,inside,third,"The floor is covered in layers of grime and rust, with tools scattered about and remnants of forgotten projects."
WAREHOUSE,inside,third,"Old metal beams creak overhead, and the occasional rat scurries across the floor, startled by your presence."
WAREHOUSE,inside,third,"A faint smell of decay and rust hangs in the air, with the distant sound of wind whistling through cracks in the walls."
WAREHOUSE,outside,first,"The massive metal doors are dented and rusted, barely hanging onto their tracks."
WAREHOUSE,outside,first,The large metal doors of the warehouse are rusted and barely hanging on their tracks.
WAREHOUSE,outside,first,"The warehouse looms in front of you, its exterior scarred by years of neglect and weathered by time."
WAREHOUSE,outside,first,"A broken loading dock stands at the entrance, with remnants of old crates scattered around the perimeter."
WAREHOUSE,outside,first,"The roof of the warehouse is caved in in some places, and the windows are completely shattered."
WAREHOUSE,outside,first,"The exterior is covered in graffiti, with some of the once-clear signage now faded and barely legible."
WAREHOUSE,outside,second,The building's gray exterior is marked with faded company logos and peeling paint.
WAREHOUSE,outside,second,"The warehouse is surrounded by overgrown grass, and the cracked concrete path leading to the entrance is almost completely overtaken."
WAREHOUSE,outside,second,"The steel structure is dented and battered, with parts of it missing from years of neglect."
WAREHOUSE,outside,second,"A rusted chain-link fence surrounds the area, and the ground is littered with broken debris and discarded tools."
WAREHOUSE,outside,second,"The exterior of the warehouse is weather-beaten, with rust stains streaking down the walls where rainwater has run off."
WAREHOUSE,outside,second,"Faded signs still cling to the walls, remnants of what once was a thriving hub of activity."
WAREHOUSE,outside,third,Broken windows reveal towering shelves of debris inside the structure.
WAREHOUSE,outside,third,"The air smells faintly of oil and decay, as the wind whispers through the gaps in the warehouse's structure."
WAREHOUSE,outside,third,"A sense of abandonment pervades the space, with only the sound of distant crows filling the otherwise quiet air."
WAREHOUSE,outside,third,"The warehouse stands in eerie silence, its dark silhouette against the sky giving it a foreboding presence."
WAREHOUSE,outside,third,"Old rusted cargo containers are scattered around the perimeter, some open and spilling their contents onto the ground."
WAREHOUSE,outside,third,The entrance to the warehouse is almost completely blocked by piles of old machinery and junk.
MALL,outside,first,"The massive glass facade reflects the light, hinting at the mall's former grandeur."
MALL,outside,first,A rusted sign above the entrance struggles to display the mall's name.
MALL,outside,first,"Weeds push through cracks in the once-pristine parking lot, encircling abandoned cars."
MALL,outside,first,The mall's exterior is littered with debris and shattered glass from broken windows.
MALL,outside,first,"The sprawling complex is eerily quiet, with its towering walls hiding what lies inside."
MALL,outside,first,Faded banners advertising long-forgotten sales hang limply near the entrance.
MALL,outside,second,"The faint smell of decay lingers in the air, mixing with the scent of burnt rubber."
MALL,outside,second,"Shattered storefronts line the exterior, their signs swinging in the occasional breeze."
MALL,outside,second,"A broken fountain sits in the plaza, its dry basin filled with leaves and garbage."
MALL,outside,second,Birds nest in the exposed beams where roof panels have fallen away.
MALL,outside,second,"Graffiti covers much of the outer walls, some of it fresh, some of it faded."
MALL,outside,second,A cluster of barricades near the doors suggests survivors once tried to make a stand here.
MALL,outside,third,"The emptiness feels unnatural, as if the place itself is holding its breath."
MALL,outside,third,"The occasional flicker of movement in the shadows keeps you on edge."
MALL,outside,third,"An old shopping cart, still full of goods, sits abandoned near the main doors."
MALL,outside,third,"Glass crunches beneath your feet as you approach the main entrance."
MALL,outside,third,"A faint rustling sound comes from the upper floors, but you can't see its source."
MALL,outside,third,"Despite the silence, the mall exudes an oppressive sense of unease."
MALL,inside,first,"Dim light filters through shattered skylights, casting eerie shadows on the tiled floors."
MALL,inside,first,"The once-bustling corridors are now strewn with abandoned merchandise and debris."
MALL,inside,first,"Empty storefronts yawn open, their shelves picked clean by scavengers."
MALL,inside,first,"The air is stale and heavy, carrying a faint metallic tang that sets you on edge."
MALL,inside,first,"Posters for movies and sales events long past cling stubbornly to the walls."
MALL,inside,first,"A tangle of broken mannequins and shattered glass litters the hallway."
MALL,inside,second,"A faint echo accompanies your every movement, making it hard to tell if you're truly alone."
MALL,inside,second,"Long-dried bloodstains streak the floors near a shattered food court."
MALL,inside,second,"The escalators have long since stopped, their steps coated in dust and grime."
MALL,inside,second,"A pile of overturned shopping carts forms a crude barricade near a side exit."
MALL,inside,second,"Here and there, makeshift shelters hint at survivors who passed through long ago."
MALL,inside,second,"Bullet holes and scorch marks mar the walls, signs of a desperate last stand."
MALL,inside,third,"You can't shake the feeling that you're being watched from the shadows."
MALL,inside,third,"A faint dripping sound echoes from somewhere deep within the complex."
MALL,inside,third,"The distant sound of something heavy being dragged makes your blood run cold."
MALL,inside,third,"Despite the destruction, a few intact stores hint at treasures left undiscovered."
MALL,inside,third,"The smell of mildew and decay grows stronger the deeper you venture."
MALL,inside,third,"A flickering emergency light in the distance casts everything in a ghostly glow."
